<?xml version="1.0" encoding="UTF-8"?>
<extensions>
	<extension>
		<name>Overlap2D</name>
		<description>Level and UI Editor Runtime</description>
		<package>com.underwaterapps.overlap2druntime</package>
		<version>0.1.0</version>
		<compatibility>1.6.2</compatibility>
		<website>http://overlap2d.com/</website>
		<gwtInherits></gwtInherits>
		<projects>
			<core>
				<dependency>com.underwaterapps.overlap2druntime:overlap2d-runtime-libgdx</dependency>
			</core>
			<desktop></desktop>
			<android></android>
			<ios></ios>
			<html>null</html>
		</projects>
	</extension>
	<extension>
		<name>VisUI</name>
		<description>Flat design skin for scene2d.ui and UI toolkit</description>
		<package>com.kotcrab.vis.ui</package>
		<version>0.9.4</version>
		<compatibility>1.7.1</compatibility>
		<website>https://github.com/kotcrab/VisEditor/wiki/VisUI</website>
		<gwtInherits>
		    <inherit>com.kotcrab.vis.vis-ui</inherit>
		</gwtInherits>
		<projects>
			<core>
				<dependency>com.kotcrab.vis:vis-ui</dependency>
			</core>
			<desktop></desktop>
			<android></android>
			<ios></ios>
			<html>
				<dependency>com.kotcrab.vis:vis-ui:sources</dependency>
			</html>
		</projects>
	</extension>
		<extension>
		<name>VisRuntime</name>
		<description>Runtime for VisEditor</description>
		<package>com.kotcrab.vis.runtime</package>
		<version>0.3.0</version>
		<compatibility>1.7.1</compatibility>
		<website>http://vis.kotcrab.com</website>
		<gwtInherits>
		    <inherit>com.kotcrab.vis.vis-runtime</inherit>
		</gwtInherits>
		<projects>
			<core>
				<dependency>com.kotcrab.vis:vis-runtime</dependency>
			</core>
			<desktop></desktop>
			<android></android>
			<ios></ios>
			<html>
				<dependency>com.kotcrab.vis:vis-runtime-gwt</dependency>
				<dependency>com.kotcrab.vis:vis-runtime-gwt:sources</dependency>
				<dependency>com.kotcrab.vis:vis-runtime:sources</dependency>
			</html>
		</projects>
	</extension>
	<extension>
		<name>libgdx-utils</name>
		<description>additional features and helper classes</description>
		<package>net.dermetfan.gdx</package>
		<version>0.13.2</version>
		<compatibility>1.7.1</compatibility>
		<website>http://dermetfan.net/libgdx-utils.php</website>
		<gwtInherits>
			<inherit>libgdx-utils</inherit>
		</gwtInherits>
		<projects>
			<core>
				<dependency>net.dermetfan.libgdx-utils:libgdx-utils</dependency>
			</core>
			<desktop></desktop>
			<android></android>
			<ios></ios>
			<html>
				<dependency>net.dermetfan.libgdx-utils:libgdx-utils:sources</dependency>
			</html>
		</projects>
	</extension>
	<extension>
		<name>libgdx-utils-box2d</name>
		<description>additional features and helper classes for the official Box2D extension</description>
		<package>net.dermetfan.gdx</package>
		<version>0.13.2</version>
		<compatibility>1.7.1</compatibility>
		<website>http://dermetfan.net/libgdx-utils.php</website>
		<gwtInherits>
			<inherit>libgdx-utils-box2d</inherit>
		</gwtInherits>
		<projects>
			<core>
				<dependency>net.dermetfan.libgdx-utils:libgdx-utils-box2d</dependency>
			</core>
			<desktop></desktop>
			<android></android>
			<ios></ios>
			<html>
				<dependency>net.dermetfan.libgdx-utils:libgdx-utils:sources</dependency>
				<dependency>net.dermetfan.libgdx-utils:libgdx-utils-box2d:sources</dependency>
			</html>
		</projects>
	</extension>
	<extension>
       <name>gdx-facebook</name>
       <description>Provides cross-platform support for Facebook Graph API</description>
       <package>de.tomgrill.gdxfacebook</package>
       <version>1.1.1</version>
       <compatibility>1.7.0</compatibility>
       <website>https://github.com/TomGrill/gdx-facebook</website>
       <gwtInherits></gwtInherits>
       <projects>
			<core>
				<dependency>de.tomgrill.gdxfacebook:gdx-facebook-core</dependency>
			</core>
			<desktop>
				<dependency>de.tomgrill.gdxfacebook:gdx-facebook-desktop</dependency>
			</desktop>
			<android>
				<dependency>de.tomgrill.gdxfacebook:gdx-facebook-android</dependency>	
			</android>
			<ios>
				<dependency>de.tomgrill.gdxfacebook:gdx-facebook-ios</dependency>
			</ios>
			<html>null</html>
		</projects>
    </extension>
	<extension>
       <name>gdx-dialogs</name>
       <description>Provides cross-platform support for native dialogs</description>
       <package>de.tomgrill.gdxdialogs</package>
       <version>1.0.0</version>
       <compatibility>1.7.0</compatibility>
       <website>https://github.com/TomGrill/gdx-dialogs</website>
       <gwtInherits></gwtInherits>
       <projects>
			<core>
				<dependency>de.tomgrill.gdxdialogs:gdx-dialogs-core</dependency>
			</core>
			<desktop>
				<dependency>de.tomgrill.gdxdialogs:gdx-dialogs-desktop</dependency>
			</desktop>
			<android>
				<dependency>de.tomgrill.gdxdialogs:gdx-dialogs-android</dependency>	
			</android>
			<ios>
				<dependency>de.tomgrill.gdxdialogs:gdx-dialogs-ios</dependency>
			</ios>
			<html>null</html>
		</projects>
    </extension>
</extensions>
