<?xml version="1.0" encoding="UTF-8"?>
<extensions>
	<extension>
		<name>Overlap2D</name>
		<description>Level and UI Editor Runtime</description>
		<package>com.underwaterapps.overlap2druntime</package>
		<version>0.1.0</version>
		<compatibility>1.6.2</compatibility>
		<website>http://overlap2d.com/</website>
		<gwtInherits></gwtInherits>
		<projects>
			<core>
				<dependency>com.underwaterapps.overlap2druntime:overlap2d-runtime-libgdx</dependency>
			</core>
			<desktop></desktop>
			<android></android>
			<ios></ios>
			<html>null</html>
		</projects>
	</extension>
	<extension>
		<name>VisUI</name>
		<description>Flat design skin for scene2d.ui and UI toolkit</description>
		<package>com.kotcrab.vis.ui</package>
		<version>0.7.7</version>
		<compatibility>1.6.1</compatibility>
		<website>https://github.com/kotcrab/VisEditor/wiki/VisUI</website>
		<gwtInherits>
		    <inherit>com.kotcrab.vis.vis-ui</inherit>
		</gwtInherits>
		<projects>
			<core>
				<dependency>com.kotcrab.vis:vis-ui</dependency>
			</core>
			<desktop></desktop>
			<android></android>
			<ios></ios>
			<html>
				<dependency>com.kotcrab.vis:vis-ui:sources</dependency>
			</html>
		</projects>
	</extension>
	<extension>
		<name>libgdx-utils</name>
		<description>additional features and helper classes</description>
		<package>net.dermetfan.gdx</package>
		<version>0.13.0</version>
		<compatibility>1.6.3</compatibility>
		<website>http://dermetfan.net/libgdx-utils.php</website>
		<gwtInherits>
			<inherit>libgdx-utils</inherit>
		</gwtInherits>
		<projects>
			<core>
				<dependency>net.dermetfan.libgdx-utils:libgdx-utils</dependency>
			</core>
			<desktop></desktop>
			<android></android>
			<ios></ios>
			<html>
				<dependency>net.dermetfan.libgdx-utils:libgdx-utils:sources</dependency>
			</html>
		</projects>
	</extension>
	<extension>
		<name>libgdx-utils-box2d</name>
		<description>additional features and helper classes for the official Box2D extension</description>
		<package>net.dermetfan.gdx</package>
		<version>0.13.0</version>
		<compatibility>1.6.3</compatibility>
		<website>http://dermetfan.net/libgdx-utils.php</website>
		<gwtInherits>
			<inherit>libgdx-utils-box2d</inherit>
		</gwtInherits>
		<projects>
			<core>
				<dependency>net.dermetfan.libgdx-utils:libgdx-utils-box2d</dependency>
			</core>
			<desktop></desktop>
			<android></android>
			<ios></ios>
			<html>
				<dependency>net.dermetfan.libgdx-utils:libgdx-utils:sources</dependency>
				<dependency>net.dermetfan.libgdx-utils:libgdx-utils-box2d:sources</dependency>
			</html>
		</projects>
	</extension>
</extensions>
